{"content_data":[{"id":1,"updated_at":"2023-10-18 12:08:27","created_at":"2023-10-18 12:08:27","created_by":1,"edited_by":1,"field_name":"has_special_price","field_value":"0","rel_type":"content","rel_id":"6"},{"id":2,"updated_at":"2023-10-18 12:08:27","created_at":"2023-10-18 12:08:27","created_by":1,"edited_by":1,"field_name":"special_price","field_value":null,"rel_type":"content","rel_id":"6"},{"id":3,"updated_at":"2023-10-18 12:08:27","created_at":"2023-10-18 12:08:27","created_by":1,"edited_by":1,"field_name":"sku","field_value":null,"rel_type":"content","rel_id":"6"},{"id":4,"updated_at":"2023-10-18 12:08:27","created_at":"2023-10-18 12:08:27","created_by":1,"edited_by":1,"field_name":"barcode","field_value":null,"rel_type":"content","rel_id":"6"},{"id":5,"updated_at":"2023-10-18 12:08:27","created_at":"2023-10-18 12:08:27","created_by":1,"edited_by":1,"field_name":"shipping_fixed_cost","field_value":null,"rel_type":"content","rel_id":"6"},{"id":6,"updated_at":"2023-10-18 12:08:27","created_at":"2023-10-18 12:08:27","created_by":1,"edited_by":1,"field_name":"weight","field_value":null,"rel_type":"content","rel_id":"6"},{"id":7,"updated_at":"2023-10-18 12:08:27","created_at":"2023-10-18 12:08:27","created_by":1,"edited_by":1,"field_name":"weight_type","field_value":"kg","rel_type":"content","rel_id":"6"},{"id":8,"updated_at":"2023-10-18 12:08:27","created_at":"2023-10-18 12:08:27","created_by":1,"edited_by":1,"field_name":"width","field_value":null,"rel_type":"content","rel_id":"6"},{"id":9,"updated_at":"2023-10-18 12:08:28","created_at":"2023-10-18 12:08:28","created_by":1,"edited_by":1,"field_name":"height","field_value":null,"rel_type":"content","rel_id":"6"},{"id":10,"updated_at":"2023-10-18 12:08:28","created_at":"2023-10-18 12:08:28","created_by":1,"edited_by":1,"field_name":"depth","field_value":null,"rel_type":"content","rel_id":"6"}],"content":[{"id":1,"content_type":"page","subtype":"static","url":"home","title":"Home","parent":0,"description":null,"position":1,"content":null,"content_body":null,"is_active":1,"subtype_value":null,"custom_type":null,"custom_type_value":null,"active_site_template":null,"layout_file":"index.php","layout_name":null,"layout_style":null,"content_filename":null,"original_link":null,"is_home":1,"is_pinged":0,"is_shop":0,"is_deleted":0,"require_login":0,"status":null,"content_meta_title":null,"content_meta_keywords":null,"session_id":null,"updated_at":"2023-10-18 12:02:18","created_at":"2023-10-18 12:02:18","expires_at":null,"created_by":1,"edited_by":1,"posted_at":null,"draft_of":null,"copy_of":null},{"id":2,"content_type":"page","subtype":"dynamic","url":"blog","title":"Blog","parent":0,"description":null,"position":2,"content":null,"content_body":null,"is_active":1,"subtype_value":null,"custom_type":null,"custom_type_value":null,"active_site_template":null,"layout_file":"layouts__blog.php","layout_name":null,"layout_style":null,"content_filename":null,"original_link":null,"is_home":0,"is_pinged":0,"is_shop":0,"is_deleted":0,"require_login":0,"status":null,"content_meta_title":null,"content_meta_keywords":null,"session_id":null,"updated_at":"2023-10-18 12:04:36","created_at":"2023-10-18 12:04:36","expires_at":null,"created_by":1,"edited_by":1,"posted_at":null,"draft_of":null,"copy_of":null},{"id":3,"content_type":"page","subtype":"dynamic","url":"shop","title":"Shop","parent":0,"description":null,"position":3,"content":null,"content_body":null,"is_active":1,"subtype_value":null,"custom_type":null,"custom_type_value":null,"active_site_template":null,"layout_file":"layouts__shop.php","layout_name":null,"layout_style":null,"content_filename":null,"original_link":null,"is_home":0,"is_pinged":0,"is_shop":1,"is_deleted":0,"require_login":0,"status":null,"content_meta_title":null,"content_meta_keywords":null,"session_id":null,"updated_at":"2023-10-18 12:05:12","created_at":"2023-10-18 12:05:12","expires_at":null,"created_by":1,"edited_by":1,"posted_at":null,"draft_of":null,"copy_of":null},{"id":4,"content_type":"page","subtype":"static","url":"contact-us","title":"Contact us","parent":0,"description":null,"position":4,"content":null,"content_body":null,"is_active":1,"subtype_value":null,"custom_type":null,"custom_type_value":null,"active_site_template":null,"layout_file":"layouts__contact_us.php","layout_name":null,"layout_style":null,"content_filename":null,"original_link":null,"is_home":0,"is_pinged":0,"is_shop":0,"is_deleted":0,"require_login":0,"status":null,"content_meta_title":null,"content_meta_keywords":null,"session_id":null,"updated_at":"2023-10-18 12:07:47","created_at":"2023-10-18 12:07:47","expires_at":null,"created_by":1,"edited_by":1,"posted_at":null,"draft_of":null,"copy_of":null},{"id":5,"content_type":"post","subtype":"post","url":"my-blog-post","title":"My Blog Post","parent":2,"description":null,"position":1,"content":null,"content_body":null,"is_active":1,"subtype_value":null,"custom_type":null,"custom_type_value":null,"active_site_template":null,"layout_file":"inherit","layout_name":null,"layout_style":null,"content_filename":null,"original_link":null,"is_home":0,"is_pinged":0,"is_shop":0,"is_deleted":0,"require_login":0,"status":null,"content_meta_title":null,"content_meta_keywords":null,"session_id":null,"updated_at":"2023-10-18 12:08:05","created_at":"2023-10-18 12:08:05","expires_at":null,"created_by":1,"edited_by":1,"posted_at":null,"draft_of":null,"copy_of":null},{"id":6,"content_type":"product","subtype":"product","url":"example-product","title":"Example Product","parent":3,"description":null,"position":1,"content":null,"content_body":null,"is_active":1,"subtype_value":null,"custom_type":null,"custom_type_value":null,"active_site_template":null,"layout_file":"inherit","layout_name":null,"layout_style":null,"content_filename":null,"original_link":null,"is_home":0,"is_pinged":0,"is_shop":0,"is_deleted":0,"require_login":0,"status":null,"content_meta_title":null,"content_meta_keywords":null,"session_id":null,"updated_at":"2023-10-18 12:08:26","created_at":"2023-10-18 12:08:26","expires_at":null,"created_by":1,"edited_by":1,"posted_at":null,"draft_of":null,"copy_of":null}],"custom_fields":[{"id":1,"rel_type":"module","rel_id":"mod-47f40861aed8362292d65fabef7a7957-contact-form","position":null,"type":"text","name":"Your Name","name_key":"your-name","placeholder":"Your Name","error_text":null,"updated_at":"2023-10-18 12:07:28","created_at":"2023-10-18 12:07:28","created_by":1,"edited_by":1,"session_id":null,"options":"{\"show_placeholder\":\"1\",\"field_type\":\"text\",\"field_size\":\"12\",\"field_size_desktop\":\"12\",\"field_size_tablet\":\"12\",\"field_size_mobile\":\"12\"}","show_label":1,"is_active":1,"required":0,"copy_of_field":null},{"id":2,"rel_type":"module","rel_id":"mod-47f40861aed8362292d65fabef7a7957-contact-form","position":null,"type":"text","name":"Phone","name_key":"phone","placeholder":"Phone","error_text":null,"updated_at":"2023-10-18 12:07:28","created_at":"2023-10-18 12:07:28","created_by":1,"edited_by":1,"session_id":null,"options":"{\"show_placeholder\":\"1\",\"field_type\":\"text\",\"field_size\":\"12\",\"field_size_desktop\":\"12\",\"field_size_tablet\":\"12\",\"field_size_mobile\":\"12\"}","show_label":1,"is_active":1,"required":0,"copy_of_field":null},{"id":3,"rel_type":"module","rel_id":"mod-47f40861aed8362292d65fabef7a7957-contact-form","position":null,"type":"email","name":"Email","name_key":"email","placeholder":"Email","error_text":null,"updated_at":"2023-10-18 12:07:28","created_at":"2023-10-18 12:07:28","created_by":1,"edited_by":1,"session_id":null,"options":"{\"show_placeholder\":\"1\",\"field_type\":\"email\",\"field_size\":\"12\",\"field_size_desktop\":\"12\",\"field_size_tablet\":\"12\",\"field_size_mobile\":\"12\"}","show_label":1,"is_active":1,"required":0,"copy_of_field":null},{"id":4,"rel_type":"module","rel_id":"mod-47f40861aed8362292d65fabef7a7957-contact-form","position":null,"type":"text","name":"Message","name_key":"message","placeholder":"Message","error_text":null,"updated_at":"2023-10-18 12:07:28","created_at":"2023-10-18 12:07:28","created_by":1,"edited_by":1,"session_id":null,"options":"{\"show_placeholder\":\"1\",\"field_type\":\"text\",\"field_size\":\"12\",\"field_size_desktop\":\"12\",\"field_size_tablet\":\"12\",\"field_size_mobile\":\"12\",\"as_text_area\":\"1\"}","show_label":1,"is_active":1,"required":0,"copy_of_field":null},{"id":5,"rel_type":"module","rel_id":"mod-14a33b6053bcdfdfb71898918baba8e6-contact-form","position":null,"type":"text","name":"Name","name_key":"name","placeholder":"Name","error_text":null,"updated_at":"2023-10-18 12:07:28","created_at":"2023-10-18 12:07:28","created_by":1,"edited_by":1,"session_id":null,"options":"{\"show_placeholder\":\"1\",\"field_type\":\"text\",\"field_size\":\"6\",\"field_size_desktop\":\"6\",\"field_size_tablet\":\"6\",\"field_size_mobile\":\"6\"}","show_label":1,"is_active":1,"required":0,"copy_of_field":null},{"id":6,"rel_type":"module","rel_id":"mod-14a33b6053bcdfdfb71898918baba8e6-contact-form","position":null,"type":"email","name":"Email","name_key":"email","placeholder":"Email","error_text":null,"updated_at":"2023-10-18 12:07:29","created_at":"2023-10-18 12:07:29","created_by":1,"edited_by":1,"session_id":null,"options":"{\"show_placeholder\":\"1\",\"field_type\":\"email\",\"field_size\":\"6\",\"field_size_desktop\":\"6\",\"field_size_tablet\":\"6\",\"field_size_mobile\":\"6\"}","show_label":1,"is_active":1,"required":0,"copy_of_field":null},{"id":7,"rel_type":"module","rel_id":"mod-14a33b6053bcdfdfb71898918baba8e6-contact-form","position":null,"type":"text","name":"Message","name_key":"message","placeholder":"Message","error_text":null,"updated_at":"2023-10-18 12:07:29","created_at":"2023-10-18 12:07:29","created_by":1,"edited_by":1,"session_id":null,"options":"{\"show_placeholder\":\"1\",\"field_type\":\"text\",\"field_size\":\"12\",\"field_size_desktop\":\"12\",\"field_size_tablet\":\"12\",\"field_size_mobile\":\"12\",\"as_text_area\":\"1\"}","show_label":1,"is_active":1,"required":0,"copy_of_field":null},{"id":8,"rel_type":"module","rel_id":"mod-b0327094166bb7d4e1821bac1cf7939f-contact-form","position":null,"type":"text","name":"First Name","name_key":"first-name","placeholder":"First Name","error_text":null,"updated_at":"2023-10-18 12:07:30","created_at":"2023-10-18 12:07:30","created_by":1,"edited_by":1,"session_id":null,"options":"{\"show_placeholder\":\"1\",\"field_type\":\"text\",\"field_size\":\"6\",\"field_size_desktop\":\"6\",\"field_size_tablet\":\"6\",\"field_size_mobile\":\"6\"}","show_label":1,"is_active":1,"required":0,"copy_of_field":null},{"id":9,"rel_type":"module","rel_id":"mod-b0327094166bb7d4e1821bac1cf7939f-contact-form","position":null,"type":"email","name":"Email","name_key":"email","placeholder":"Email","error_text":null,"updated_at":"2023-10-18 12:07:31","created_at":"2023-10-18 12:07:31","created_by":1,"edited_by":1,"session_id":null,"options":"{\"show_placeholder\":\"1\",\"field_type\":\"email\",\"field_size\":\"6\",\"field_size_desktop\":\"6\",\"field_size_tablet\":\"6\",\"field_size_mobile\":\"6\"}","show_label":1,"is_active":1,"required":0,"copy_of_field":null},{"id":10,"rel_type":"content","rel_id":"6","position":null,"type":"price","name":"price","name_key":"price","placeholder":null,"error_text":null,"updated_at":"2023-10-18 12:08:28","created_at":"2023-10-18 12:08:28","created_by":1,"edited_by":1,"session_id":null,"options":null,"show_label":null,"is_active":1,"required":null,"copy_of_field":null}],"custom_fields_values":[{"id":1,"custom_field_id":10,"value":"0","position":1}],"options":[{"id":1,"updated_at":"2023-10-18 12:06:52","created_at":"2023-10-18 12:02:18","option_key":"current_template","option_value":"big","option_key2":null,"option_value2":null,"position":null,"option_group":"template","name":null,"help":null,"field_type":null,"field_values":null,"module":null,"is_system":1,"option_value_prev":null},{"id":2,"updated_at":"2023-10-18 12:02:22","created_at":"2023-10-18 12:02:22","option_key":"language","option_value":"en_US","option_key2":null,"option_value2":null,"position":null,"option_group":"website","name":null,"help":null,"field_type":null,"field_values":null,"module":null,"is_system":1,"option_value_prev":null},{"id":3,"updated_at":"2023-10-18 12:02:23","created_at":"2023-10-18 12:02:23","option_key":"website_title","option_value":"Microweber","option_key2":null,"option_value2":null,"position":null,"option_group":"website","name":null,"help":null,"field_type":null,"field_values":null,"module":null,"is_system":1,"option_value_prev":null},{"id":5,"updated_at":null,"created_at":null,"option_key":"shipping_gw_shop\/shipping\/gateways\/country","option_value":"y","option_key2":null,"option_value2":null,"position":null,"option_group":"shipping","name":null,"help":null,"field_type":null,"field_values":null,"module":null,"is_system":null,"option_value_prev":null},{"id":6,"updated_at":null,"created_at":null,"option_key":"payment_gw_shop\/payments\/gateways\/paypal","option_value":"1","option_key2":null,"option_value2":null,"position":null,"option_group":"payments","name":null,"help":null,"field_type":null,"field_values":null,"module":null,"is_system":null,"option_value_prev":null},{"id":7,"updated_at":null,"created_at":null,"option_key":"currency","option_value":"USD","option_key2":null,"option_value2":null,"position":null,"option_group":"payments","name":null,"help":null,"field_type":null,"field_values":null,"module":null,"is_system":null,"option_value_prev":null},{"id":8,"updated_at":"2023-10-18 12:03:37","created_at":"2023-10-18 12:03:37","option_key":"app_version","option_value":"1.3.4-dev10","option_key2":null,"option_value2":null,"position":null,"option_group":"website","name":null,"help":null,"field_type":null,"field_values":null,"module":null,"is_system":null,"option_value_prev":null},{"id":9,"updated_at":"2023-10-18 12:03:38","created_at":"2023-10-18 12:03:38","option_key":"facebook_enabled","option_value":"1","option_key2":null,"option_value2":null,"position":null,"option_group":"footer-layout-social-links","name":null,"help":null,"field_type":null,"field_values":null,"module":"social_links","is_system":null,"option_value_prev":null},{"id":10,"updated_at":"2023-10-18 12:03:38","created_at":"2023-10-18 12:03:38","option_key":"twitter_enabled","option_value":"1","option_key2":null,"option_value2":null,"position":null,"option_group":"footer-layout-social-links","name":null,"help":null,"field_type":null,"field_values":null,"module":"social_links","is_system":null,"option_value_prev":null},{"id":11,"updated_at":"2023-10-18 12:03:38","created_at":"2023-10-18 12:03:38","option_key":"linkedin_enabled","option_value":"1","option_key2":null,"option_value2":null,"position":null,"option_group":"footer-layout-social-links","name":null,"help":null,"field_type":null,"field_values":null,"module":"social_links","is_system":null,"option_value_prev":null},{"id":12,"updated_at":"2023-10-18 12:03:38","created_at":"2023-10-18 12:03:38","option_key":"default_settings_is_applied","option_value":"1","option_key2":null,"option_value2":null,"position":null,"option_group":"footer-layout-social-links","name":null,"help":null,"field_type":null,"field_values":null,"module":null,"is_system":null,"option_value_prev":null},{"id":13,"updated_at":"2023-10-18 12:07:26","created_at":"2023-10-18 12:07:26","option_key":"facebook_enabled","option_value":"1","option_key2":null,"option_value2":null,"position":null,"option_group":"mod-fbd02c8c1a59986f81f9fe8a6b5c7b1a-social-links","name":null,"help":null,"field_type":null,"field_values":null,"module":"social_links","is_system":null,"option_value_prev":null},{"id":14,"updated_at":"2023-10-18 12:07:26","created_at":"2023-10-18 12:07:26","option_key":"twitter_enabled","option_value":"1","option_key2":null,"option_value2":null,"position":null,"option_group":"mod-fbd02c8c1a59986f81f9fe8a6b5c7b1a-social-links","name":null,"help":null,"field_type":null,"field_values":null,"module":"social_links","is_system":null,"option_value_prev":null},{"id":15,"updated_at":"2023-10-18 12:07:26","created_at":"2023-10-18 12:07:26","option_key":"linkedin_enabled","option_value":"1","option_key2":null,"option_value2":null,"position":null,"option_group":"mod-fbd02c8c1a59986f81f9fe8a6b5c7b1a-social-links","name":null,"help":null,"field_type":null,"field_values":null,"module":"social_links","is_system":null,"option_value_prev":null},{"id":16,"updated_at":"2023-10-18 12:07:26","created_at":"2023-10-18 12:07:26","option_key":"default_settings_is_applied","option_value":"1","option_key2":null,"option_value2":null,"position":null,"option_group":"mod-fbd02c8c1a59986f81f9fe8a6b5c7b1a-social-links","name":null,"help":null,"field_type":null,"field_values":null,"module":null,"is_system":null,"option_value_prev":null},{"id":17,"updated_at":"2023-10-18 12:07:26","created_at":"2023-10-18 12:07:26","option_key":"facebook_enabled","option_value":"1","option_key2":null,"option_value2":null,"position":null,"option_group":"mod-14e16f763815d210ae7361deb27cbfb7-social-links","name":null,"help":null,"field_type":null,"field_values":null,"module":"social_links","is_system":null,"option_value_prev":null},{"id":18,"updated_at":"2023-10-18 12:07:26","created_at":"2023-10-18 12:07:26","option_key":"twitter_enabled","option_value":"1","option_key2":null,"option_value2":null,"position":null,"option_group":"mod-14e16f763815d210ae7361deb27cbfb7-social-links","name":null,"help":null,"field_type":null,"field_values":null,"module":"social_links","is_system":null,"option_value_prev":null},{"id":19,"updated_at":"2023-10-18 12:07:26","created_at":"2023-10-18 12:07:26","option_key":"linkedin_enabled","option_value":"1","option_key2":null,"option_value2":null,"position":null,"option_group":"mod-14e16f763815d210ae7361deb27cbfb7-social-links","name":null,"help":null,"field_type":null,"field_values":null,"module":"social_links","is_system":null,"option_value_prev":null},{"id":20,"updated_at":"2023-10-18 12:07:26","created_at":"2023-10-18 12:07:26","option_key":"default_settings_is_applied","option_value":"1","option_key2":null,"option_value2":null,"position":null,"option_group":"mod-14e16f763815d210ae7361deb27cbfb7-social-links","name":null,"help":null,"field_type":null,"field_values":null,"module":null,"is_system":null,"option_value_prev":null},{"id":21,"updated_at":"2023-10-18 12:07:26","created_at":"2023-10-18 12:07:26","option_key":"facebook_enabled","option_value":"1","option_key2":null,"option_value2":null,"position":null,"option_group":"mod-5a0580f2aa42c52752e3bb27204e9ec9-social-links","name":null,"help":null,"field_type":null,"field_values":null,"module":"social_links","is_system":null,"option_value_prev":null},{"id":22,"updated_at":"2023-10-18 12:07:27","created_at":"2023-10-18 12:07:27","option_key":"twitter_enabled","option_value":"1","option_key2":null,"option_value2":null,"position":null,"option_group":"mod-5a0580f2aa42c52752e3bb27204e9ec9-social-links","name":null,"help":null,"field_type":null,"field_values":null,"module":"social_links","is_system":null,"option_value_prev":null},{"id":23,"updated_at":"2023-10-18 12:07:27","created_at":"2023-10-18 12:07:27","option_key":"linkedin_enabled","option_value":"1","option_key2":null,"option_value2":null,"position":null,"option_group":"mod-5a0580f2aa42c52752e3bb27204e9ec9-social-links","name":null,"help":null,"field_type":null,"field_values":null,"module":"social_links","is_system":null,"option_value_prev":null},{"id":24,"updated_at":"2023-10-18 12:07:27","created_at":"2023-10-18 12:07:27","option_key":"default_settings_is_applied","option_value":"1","option_key2":null,"option_value2":null,"position":null,"option_group":"mod-5a0580f2aa42c52752e3bb27204e9ec9-social-links","name":null,"help":null,"field_type":null,"field_values":null,"module":null,"is_system":null,"option_value_prev":null},{"id":25,"updated_at":"2023-10-18 12:07:27","created_at":"2023-10-18 12:07:27","option_key":"facebook_enabled","option_value":"1","option_key2":null,"option_value2":null,"position":null,"option_group":"mod-14a33b6053bcdfdfb71898918baba8e6-social-links","name":null,"help":null,"field_type":null,"field_values":null,"module":"social_links","is_system":null,"option_value_prev":null},{"id":26,"updated_at":"2023-10-18 12:07:27","created_at":"2023-10-18 12:07:27","option_key":"twitter_enabled","option_value":"1","option_key2":null,"option_value2":null,"position":null,"option_group":"mod-14a33b6053bcdfdfb71898918baba8e6-social-links","name":null,"help":null,"field_type":null,"field_values":null,"module":"social_links","is_system":null,"option_value_prev":null},{"id":27,"updated_at":"2023-10-18 12:07:27","created_at":"2023-10-18 12:07:27","option_key":"linkedin_enabled","option_value":"1","option_key2":null,"option_value2":null,"position":null,"option_group":"mod-14a33b6053bcdfdfb71898918baba8e6-social-links","name":null,"help":null,"field_type":null,"field_values":null,"module":"social_links","is_system":null,"option_value_prev":null},{"id":28,"updated_at":"2023-10-18 12:07:27","created_at":"2023-10-18 12:07:27","option_key":"default_settings_is_applied","option_value":"1","option_key2":null,"option_value2":null,"position":null,"option_group":"mod-14a33b6053bcdfdfb71898918baba8e6-social-links","name":null,"help":null,"field_type":null,"field_values":null,"module":null,"is_system":null,"option_value_prev":null},{"id":29,"updated_at":"2023-10-18 12:07:28","created_at":"2023-10-18 12:07:28","option_key":"data-default-custom-fields-are-created","option_value":"1","option_key2":null,"option_value2":null,"position":null,"option_group":"mod-47f40861aed8362292d65fabef7a7957-contact-form-custom-fields","name":null,"help":null,"field_type":null,"field_values":null,"module":null,"is_system":null,"option_value_prev":null},{"id":30,"updated_at":"2023-10-18 12:07:29","created_at":"2023-10-18 12:07:29","option_key":"data-default-custom-fields-are-created","option_value":"1","option_key2":null,"option_value2":null,"position":null,"option_group":"mod-14a33b6053bcdfdfb71898918baba8e6-contact-form-custom-fields","name":null,"help":null,"field_type":null,"field_values":null,"module":null,"is_system":null,"option_value_prev":null},{"id":31,"updated_at":"2023-10-18 12:07:31","created_at":"2023-10-18 12:07:31","option_key":"data-default-custom-fields-are-created","option_value":"1","option_key2":null,"option_value2":null,"position":null,"option_group":"mod-b0327094166bb7d4e1821bac1cf7939f-contact-form-custom-fields","name":null,"help":null,"field_type":null,"field_values":null,"module":null,"is_system":null,"option_value_prev":null}],"cart_shipping":[{"id":1,"updated_at":null,"created_at":null,"is_active":"1","shipping_cost":0,"shipping_cost_max":null,"shipping_cost_above":null,"shipping_country":"Worldwide","position":null,"shipping_type":"fixed","shipping_price_per_size":null,"shipping_price_per_weight":null,"shipping_price_per_item":null,"shipping_price_custom":null}],"menus":[{"id":1,"title":"header_menu","item_type":"menu","description":null,"url":null,"url_target":null,"parent_id":null,"content_id":null,"categories_id":null,"position":null,"is_active":1,"auto_populate":null,"size":null,"default_image":null,"rollover_image":null,"created_at":"2023-10-18 12:02:19","updated_at":"2023-10-18 12:02:19","menu_name":null},{"id":2,"title":null,"item_type":"menu_item","description":null,"url":null,"url_target":null,"parent_id":1,"content_id":1,"categories_id":null,"position":null,"is_active":1,"auto_populate":null,"size":null,"default_image":null,"rollover_image":null,"created_at":"2023-10-18 12:02:20","updated_at":"2023-10-18 12:02:20","menu_name":null},{"id":3,"title":"footer_menu","item_type":"menu","description":null,"url":null,"url_target":null,"parent_id":null,"content_id":null,"categories_id":null,"position":null,"is_active":1,"auto_populate":null,"size":null,"default_image":null,"rollover_image":null,"created_at":"2023-10-18 12:02:20","updated_at":"2023-10-18 12:02:20","menu_name":null},{"id":5,"title":null,"item_type":"menu_item","description":null,"url":"","url_target":null,"parent_id":1,"content_id":2,"categories_id":null,"position":999999,"is_active":1,"auto_populate":null,"size":null,"default_image":null,"rollover_image":null,"created_at":"2023-10-18 12:04:36","updated_at":"2023-10-18 12:04:36","menu_name":null},{"id":6,"title":null,"item_type":"menu_item","description":null,"url":"","url_target":null,"parent_id":3,"content_id":2,"categories_id":null,"position":999999,"is_active":1,"auto_populate":null,"size":null,"default_image":null,"rollover_image":null,"created_at":"2023-10-18 12:04:37","updated_at":"2023-10-18 12:04:37","menu_name":null},{"id":7,"title":null,"item_type":"menu_item","description":null,"url":"","url_target":null,"parent_id":1,"content_id":3,"categories_id":null,"position":999999,"is_active":1,"auto_populate":null,"size":null,"default_image":null,"rollover_image":null,"created_at":"2023-10-18 12:05:24","updated_at":"2023-10-18 12:05:24","menu_name":null},{"id":8,"title":null,"item_type":"menu_item","description":null,"url":"","url_target":null,"parent_id":3,"content_id":3,"categories_id":null,"position":999999,"is_active":1,"auto_populate":null,"size":null,"default_image":null,"rollover_image":null,"created_at":"2023-10-18 12:05:24","updated_at":"2023-10-18 12:05:24","menu_name":null},{"id":9,"title":null,"item_type":"menu_item","description":null,"url":"","url_target":null,"parent_id":3,"content_id":1,"categories_id":null,"position":999999,"is_active":1,"auto_populate":null,"size":null,"default_image":null,"rollover_image":null,"created_at":"2023-10-18 12:07:17","updated_at":"2023-10-18 12:07:17","menu_name":null},{"id":10,"title":null,"item_type":"menu_item","description":null,"url":"","url_target":null,"parent_id":1,"content_id":4,"categories_id":null,"position":999999,"is_active":1,"auto_populate":null,"size":null,"default_image":null,"rollover_image":null,"created_at":"2023-10-18 12:07:47","updated_at":"2023-10-18 12:07:47","menu_name":null},{"id":11,"title":null,"item_type":"menu_item","description":null,"url":"","url_target":null,"parent_id":3,"content_id":4,"categories_id":null,"position":999999,"is_active":1,"auto_populate":null,"size":null,"default_image":null,"rollover_image":null,"created_at":"2023-10-18 12:07:47","updated_at":"2023-10-18 12:07:47","menu_name":null}],"__table_structures":{"tagging_tagged":{"id":"integer","taggable_id":"integer","taggable_type":"string","tag_name":"string","tag_slug":"string","tag_description":"text"},"tagging_tags":{"id":"integer","slug":"string","name":"string","suggest":"boolean","count":"integer","tag_group_id":"integer","description":"text","locale":"string"},"currencies":{"id":"integer","name":"string","code":"string","symbol":"string","precision":"integer","thousand_separator":"string","decimal_separator":"string","swap_currency_symbol":"boolean","created_at":"datetime","updated_at":"datetime"},"tagging_tag_groups":{"id":"integer","slug":"string","name":"string"},"addresses":{"id":"integer","name":"string","address_street_1":"string","address_street_2":"string","city":"string","state":"string","country_id":"integer","zip":"string","phone":"string","fax":"string","type":"string","customer_id":"integer","company_id":"integer","created_at":"datetime","updated_at":"datetime","company_name":"string","company_vat":"string","company_vat_registered":"string"},"tax_types":{"id":"integer","name":"string","type":"string","rate":"decimal","compound_tax":"integer","collective_tax":"integer","description":"text","created_at":"datetime","updated_at":"datetime"},"customers":{"id":"integer","user_id":"integer","company_id":"integer","currency_id":"integer","name":"string","first_name":"string","last_name":"string","email":"string","phone":"string","active":"integer","created_at":"datetime","updated_at":"datetime"},"content_data":{"id":"integer","updated_at":"datetime","created_at":"datetime","created_by":"integer","edited_by":"integer","field_name":"text","field_value":"text","rel_type":"string","rel_id":"string"},"content_data_variants":{"id":"integer","custom_field_id":"integer","custom_field_value_id":"integer","rel_id":"integer","rel_type":"text","created_at":"datetime","updated_at":"datetime"},"content":{"id":"integer","content_type":"string","subtype":"string","url":"text","title":"text","parent":"integer","description":"text","position":"integer","content":"text","content_body":"text","is_active":"integer","subtype_value":"string","custom_type":"string","custom_type_value":"string","active_site_template":"string","layout_file":"string","layout_name":"string","layout_style":"string","content_filename":"string","original_link":"string","is_home":"integer","is_pinged":"integer","is_shop":"integer","is_deleted":"integer","require_login":"integer","status":"string","content_meta_title":"text","content_meta_keywords":"text","session_id":"string","updated_at":"datetime","created_at":"datetime","expires_at":"datetime","created_by":"integer","edited_by":"integer","posted_at":"datetime","draft_of":"integer","copy_of":"integer"},"attributes":{"id":"integer","attribute_name":"text","attribute_value":"text","rel_type":"string","rel_id":"string","attribute_type":"string","session_id":"string","updated_at":"datetime","created_at":"datetime","created_by":"integer","edited_by":"integer"},"custom_fields":{"id":"integer","rel_type":"string","rel_id":"text","position":"integer","type":"string","name":"text","name_key":"text","placeholder":"text","error_text":"text","updated_at":"datetime","created_at":"datetime","created_by":"integer","edited_by":"integer","session_id":"string","options":"text","show_label":"integer","is_active":"integer","required":"integer","copy_of_field":"integer"},"custom_fields_values":{"id":"integer","custom_field_id":"integer","value":"text","position":"integer"},"categories":{"id":"integer","updated_at":"datetime","created_at":"datetime","created_by":"integer","edited_by":"integer","data_type":"string","title":"text","url":"text","parent_id":"integer","description":"text","content":"text","rel_type":"string","rel_id":"integer","position":"integer","is_deleted":"integer","is_hidden":"integer","users_can_create_subcategories":"integer","users_can_create_content":"integer","users_can_create_content_allowed_usergroups":"string","category_meta_title":"text","category_meta_keywords":"text","category_meta_description":"text","category_subtype":"string","category_subtype_settings":"text","is_active":"integer"},"categories_items":{"id":"integer","parent_id":"integer","rel_type":"string","rel_id":"integer"},"forms_data":{"id":"integer","created_at":"datetime","created_by":"integer","rel_type":"string","rel_id":"string","list_id":"integer","form_values":"text","module_name":"string","url":"string","user_ip":"string","is_read":"integer","updated_at":"datetime"},"forms_lists":{"id":"integer","created_at":"datetime","created_by":"integer","title":"string","description":"text","custom_data":"text","module_name":"string","last_export":"datetime","last_sent":"datetime"},"options":{"id":"integer","updated_at":"datetime","created_at":"datetime","option_key":"string","option_value":"text","option_key2":"string","option_value2":"text","position":"integer","option_group":"string","name":"string","help":"string","field_type":"string","field_values":"string","module":"string","is_system":"integer","option_value_prev":"text"},"cart":{"id":"integer","title":"text","is_active":"string","rel_id":"integer","rel_type":"string","updated_at":"datetime","created_at":"datetime","price":"float","currency":"string","session_id":"string","qty":"integer","other_info":"text","order_completed":"integer","order_id":"string","skip_promo_code":"string","created_by":"integer","custom_fields_data":"text","custom_fields_json":"text","item_image":"string","link":"string","description":"text"},"cart_orders":{"id":"integer","updated_at":"datetime","created_at":"datetime","order_id":"string","amount":"float","transaction_id":"text","shipping_service":"text","shipping":"float","currency":"string","currency_code":"string","first_name":"text","last_name":"text","email":"text","country":"string","city":"text","state":"string","zip":"string","address":"text","address2":"text","phone":"text","created_by":"integer","edited_by":"integer","session_id":"string","customer_id":"integer","order_completed":"integer","is_paid":"integer","url":"text","user_ip":"string","items_count":"integer","custom_fields_data":"text","payment_gw":"string","payment_verify_token":"string","payment_amount":"float","payment_currency":"string","payment_status":"string","payment_email":"text","payment_receiver_email":"text","payment_name":"text","payment_country":"text","payment_address":"text","payment_city":"text","payment_state":"string","payment_zip":"string","payment_phone":"string","payer_id":"text","payer_status":"text","payment_type":"text","payment_data":"text","order_status":"string","payment_shipping":"float","is_active":"integer","rel_id":"integer","rel_type":"string","price":"float","other_info":"text","promo_code":"text","skip_promo_code":"integer","coupon_id":"integer","discount_type":"string","discount_value":"float","taxes_amount":"float"},"cart_shipping":{"id":"integer","updated_at":"datetime","created_at":"datetime","is_active":"string","shipping_cost":"float","shipping_cost_max":"float","shipping_cost_above":"float","shipping_country":"text","position":"integer","shipping_type":"text","shipping_price_per_size":"float","shipping_price_per_weight":"float","shipping_price_per_item":"float","shipping_price_custom":"float"},"media":{"id":"integer","title":"text","description":"text","filename":"text","media_type":"text","rel_type":"string","rel_id":"string","created_by":"integer","edited_by":"integer","session_id":"string","image_options":"text","position":"integer","created_at":"datetime","updated_at":"datetime"},"jobs":{"id":"integer","queue":"string","payload":"text","attempts":"integer","reserved_at":"integer","available_at":"integer","created_at":"integer","reserved":"integer","mw_processed":"integer","job_hash":"text","updated_at":"datetime"},"failed_jobs":{"id":"integer","uuid":"string","connection":"text","queue":"text","payload":"text","exception":"text","failed_at":"datetime","created_at":"datetime"},"oauth_personal_access_clients":{"id":"integer","client_id":"integer","created_at":"datetime","updated_at":"datetime"},"content_related":{"id":"integer","content_id":"integer","related_content_id":"integer","position":"integer","created_at":"datetime","updated_at":"datetime"},"forms_recipients":{"id":"integer","name":"string","email":"string","created_at":"datetime","updated_at":"datetime"},"multilanguage_translations":{"id":"integer","rel_id":"string","rel_type":"string","field_name":"string","field_value":"text","locale":"string","created_at":"datetime","updated_at":"datetime"},"multilanguage_supported_locales":{"id":"integer","locale":"string","language":"string","display_locale":"string","display_name":"string","display_icon":"string","position":"integer","is_active":"string","created_at":"datetime","updated_at":"datetime"},"forms_data_values":{"id":"integer","form_data_id":"integer","field_type":"string","field_key":"string","field_name":"string","field_value":"text","field_value_json":"text"},"content_fields":{"id":"integer","updated_at":"datetime","created_at":"datetime","created_by":"integer","edited_by":"integer","rel_type":"string","rel_id":"string","field":"text","value":"text"},"menus":{"id":"integer","title":"text","item_type":"text","description":"text","url":"text","url_target":"text","parent_id":"integer","content_id":"integer","categories_id":"integer","position":"integer","is_active":"integer","auto_populate":"integer","size":"text","default_image":"text","rollover_image":"text","created_at":"datetime","updated_at":"datetime","menu_name":"text"},"terms_accept_log":{"id":"integer","updated_at":"datetime","created_at":"datetime","created_by":"integer","edited_by":"integer","tos_name":"string","user_email":"string","user_id":"integer","user_ip":"text"},"mail_subscribers":{"id":"integer","rel_type":"string","rel_id":"string","mail_address":"string","mail_provider_id":"integer"},"mail_providers":{"id":"integer","provider_name":"string","provider_settings":"text","is_active":"integer"},"mail_templates":{"id":"integer","type":"string","name":"string","subject":"string","message":"text","from_name":"string","from_email":"string","custom":"text","copy_to":"string","plain_text":"integer","is_active":"integer"},"browser_redirects":{"id":"integer","redirect_from_url":"string","redirect_from_url_hash":"string","redirect_to_url":"string","redirect_to_url_hash":"string","redirect_code":"string","redirect_browsers":"text","active":"integer","created_by":"integer","created_at":"datetime"},"rating":{"id":"integer","rel_type":"string","rel_id":"string","rating":"integer","comment":"text","updated_at":"datetime","created_at":"datetime","created_by":"integer","edited_by":"integer","session_id":"string"},"offers":{"id":"integer","product_id":"integer","price_id":"integer","offer_price":"float","created_at":"datetime","updated_at":"datetime","expires_at":"datetime","created_by":"integer","edited_by":"integer","is_active":"integer"},"testimonials":{"id":"integer","name":"text","content":"text","read_more_url":"text","created_on":"datetime","project_name":"text","client_company":"text","client_role":"text","client_picture":"text","client_website":"text","position":"integer"},"import_feeds":{"id":"integer","name":"string","import_to":"string","parent_page":"integer","source_type":"string","source_url":"text","source_file":"text","source_file_realpath":"text","source_file_size":"string","source_content_realpath":"text","last_import_start":"datetime","last_import_end":"datetime","last_downloaded_date":"datetime","download_images":"integer","split_to_parts":"integer","mapped_tags":"text","mapped_content_realpath":"text","imported_content_ids":"text","detected_content_tags":"text","content_tag":"string","primary_key":"string","update_items":"string","old_content_action":"string","count_of_contents":"integer","total_running":"integer","is_draft":"integer","custom_content_data_fields":"text","category_separators":"text","category_ids_separators":"text","category_add_types":"text","tags_separators":"text","media_url_separators":"text","created_at":"datetime","updated_at":"datetime"},"export_feeds":{"id":"integer","name":"string","export_type":"string","export_format":"string","download_link":"string","split_to_parts":"integer","is_draft":"integer","created_at":"datetime","updated_at":"datetime"},"comments":{"id":"integer","reply_to_comment_id":"integer","rel_type":"string","rel_id":"string","comment_name":"text","comment_email":"text","comment_website":"text","comment_body":"text","comment_subject":"text","from_url":"text","is_moderated":"integer","is_spam":"integer","is_new":"integer","for_newsletter":"integer","created_by":"integer","edited_by":"integer","created_at":"datetime","updated_at":"datetime","session_id":"string","user_ip":"string","deleted_at":"datetime"}}}